{"cameraMode":{"drawMode":0,"name":"Shaded","section":"Shading Mode"},"sceneLighting":true,"audioPlay":false,"sceneViewState":{"showFog":true,"showMaterialUpdate":true,"showSkybox":true,"showFlares":true,"showImageEffects":true,"showParticleSystems":true,"showVisualEffectGraphs":true,"m_FxEnabled":true},"in2DMode":false,"pivot":{"x":-11.95982837677002,"y":4.081524848937988,"z":-6.951092720031738},"rotation":{"x":0.029685886576771737,"y":-0.01289826724678278,"z":-0.0003588813415262848,"w":-0.9995141625404358},"size":5.078651428222656,"orthographic":false}