{"cameraMode":{"drawMode":0,"name":"Shaded","section":"Shading Mode"},"sceneLighting":true,"audioPlay":false,"sceneViewState":{"showFog":true,"showMaterialUpdate":true,"showSkybox":true,"showFlares":true,"showImageEffects":true,"showParticleSystems":true,"showVisualEffectGraphs":true,"m_FxEnabled":true},"in2DMode":false,"pivot":{"x":-13.315753936767579,"y":5.513516902923584,"z":-10.548673629760743},"rotation":{"x":0.005683179013431072,"y":-0.7600548267364502,"z":-0.006575682666152716,"w":-0.6498523354530335},"size":10.449999809265137,"orthographic":false}