{"cameraMode":{"drawMode":0,"name":"Shaded","section":"Shading Mode"},"sceneLighting":true,"audioPlay":false,"sceneViewState":{"showFog":true,"showMaterialUpdate":true,"showSkybox":true,"showFlares":true,"showImageEffects":true,"showParticleSystems":true,"showVisualEffectGraphs":true,"m_FxEnabled":true},"in2DMode":false,"pivot":{"x":1005.4888916015625,"y":22.851261138916017,"z":1051.2362060546875},"rotation":{"x":0.06420950591564179,"y":-0.13024888932704926,"z":0.00847582332789898,"w":0.9893853664398193},"size":139.93161010742188,"orthographic":false}